{"cameraMode":{"drawMode":1,"name":"Wireframe","section":"Shading Mode"},"sceneLighting":true,"audioPlay":false,"sceneViewState":{"showFog":true,"showMaterialUpdate":false,"showSkybox":false,"showFlares":true,"showImageEffects":true,"showParticleSystems":true},"in2DMode":false,"pivot":{"x":1.1817626953125,"y":0.0789794921875,"z":0.36328125},"rotation":{"x":0.00309342541731894,"y":0.9969068765640259,"z":-0.05538511276245117,"w":0.055681608617305759},"size":0.8278099894523621,"orthographic":true}