{"cameraMode":{"drawMode":0,"name":"Shaded","section":"Shading Mode"},"sceneLighting":true,"audioPlay":false,"sceneViewState":{"showFog":true,"showMaterialUpdate":false,"showSkybox":true,"showFlares":true,"showImageEffects":true,"showParticleSystems":true},"in2DMode":false,"pivot":{"x":-8.96358871459961,"y":0.039302483201026919,"z":-0.9066531658172607},"rotation":{"x":0.2538173496723175,"y":-0.5956817269325256,"z":0.2059817910194397,"w":0.7337104678153992},"size":0.440038800239563,"orthographic":false}