{"cameraMode":{"drawMode":0,"name":"Shaded","section":"Shading Mode"},"sceneLighting":true,"audioPlay":false,"sceneViewState":{"showFog":true,"showMaterialUpdate":false,"showSkybox":false,"showFlares":true,"showImageEffects":true,"showParticleSystems":true},"in2DMode":false,"pivot":{"x":-0.0020751953125,"y":0.00140380859375,"z":0.007232666015625},"rotation":{"x":0.4305914342403412,"y":-0.03464178368449211,"z":0.016542119905352594,"w":0.9017301797866821},"size":0.026113467290997506,"orthographic":true}