{"cameraMode":{"drawMode":0,"name":"Shaded","section":"Shading Mode"},"sceneLighting":false,"audioPlay":false,"sceneViewState":{"showFog":true,"showMaterialUpdate":false,"showSkybox":false,"showFlares":true,"showImageEffects":true,"showParticleSystems":true},"in2DMode":false,"pivot":{"x":8.9114990234375,"y":1.0079816579818726,"z":-2.1659998893737795},"rotation":{"x":0.23539815843105317,"y":-0.6202999353408814,"z":0.20274095237255097,"w":0.7202161550521851},"size":0.13089972734451295,"orthographic":true}