{"cameraMode":{"drawMode":1,"name":"Wireframe","section":"Shading Mode"},"sceneLighting":true,"audioPlay":false,"sceneViewState":{"showFog":true,"showMaterialUpdate":false,"showSkybox":false,"showFlares":true,"showImageEffects":true,"showParticleSystems":true},"in2DMode":false,"pivot":{"x":-3.8873584270477297,"y":1.3388971090316773,"z":-2.8907954692840578},"rotation":{"x":0.09005872160196305,"y":-0.804972231388092,"z":0.12660449743270875,"w":0.572609543800354},"size":0.8236340284347534,"orthographic":true}