{"cameraMode":{"drawMode":1,"name":"Wireframe","section":"Shading Mode"},"sceneLighting":false,"audioPlay":false,"sceneViewState":{"showFog":true,"showMaterialUpdate":false,"showSkybox":false,"showFlares":true,"showImageEffects":true,"showParticleSystems":true},"in2DMode":false,"pivot":{"x":1.4423587322235108,"y":0.0013693959917873145,"z":-0.04522705078125},"rotation":{"x":0.15483877062797547,"y":-0.5898042917251587,"z":0.1164921373128891,"w":0.7839549779891968},"size":1.766996145248413,"orthographic":false}