{"cameraMode":{"drawMode":0,"name":"Shaded","section":"Shading Mode"},"sceneLighting":false,"audioPlay":false,"sceneViewState":{"showFog":true,"showMaterialUpdate":false,"showSkybox":false,"showFlares":true,"showImageEffects":true,"showParticleSystems":true},"in2DMode":false,"pivot":{"x":-6.51925802230835e-9,"y":-0.00010803536861203611,"z":0.0},"rotation":{"x":-0.00002713684989430476,"y":0.9999564290046692,"z":-0.00899985246360302,"w":-0.0029999390244483949},"size":0.0036026611924171449,"orthographic":true}