{"cameraMode":{"drawMode":1,"name":"Wireframe","section":"Shading Mode"},"sceneLighting":false,"audioPlay":false,"sceneViewState":{"showFog":true,"showMaterialUpdate":false,"showSkybox":false,"showFlares":true,"showImageEffects":true,"showParticleSystems":true},"in2DMode":false,"pivot":{"x":0.003246499225497246,"y":0.019714999943971635,"z":0.047896500676870349},"rotation":{"x":-0.023553701117634774,"y":0.9694046378135681,"z":-0.103042833507061,"w":-0.22157113254070283},"size":0.3368402123451233,"orthographic":false}