{"cameraMode":{"drawMode":1,"name":"Wireframe","section":"Shading Mode"},"sceneLighting":true,"audioPlay":false,"sceneViewState":{"showFog":true,"showMaterialUpdate":false,"showSkybox":false,"showFlares":true,"showImageEffects":true,"showParticleSystems":true},"in2DMode":false,"pivot":{"x":-0.05481749773025513,"y":0.4530037045478821,"z":-6.848501205444336},"rotation":{"x":0.021917682141065599,"y":0.9640036821365356,"z":-0.08408057689666748,"w":0.2512913644313812},"size":1.2579421997070313,"orthographic":true}