{"cameraMode":{"drawMode":0,"name":"Shaded","section":"Shading Mode"},"sceneLighting":false,"audioPlay":false,"sceneViewState":{"showFog":true,"showMaterialUpdate":false,"showSkybox":false,"showFlares":true,"showImageEffects":true,"showParticleSystems":true},"in2DMode":false,"pivot":{"x":-3.2836835384368898,"y":1.423108696937561,"z":-5.959646701812744},"rotation":{"x":0.20193088054656983,"y":-0.12012393772602081,"z":0.024962948635220529,"w":0.9716870784759522},"size":4.325915336608887,"orthographic":false}